{"cameraMode":{"drawMode":0,"name":"Shaded","section":"Shading Mode"},"sceneLighting":true,"audioPlay":false,"sceneViewState":{"showFog":true,"showMaterialUpdate":false,"showSkybox":true,"showFlares":true,"showImageEffects":true,"showParticleSystems":true},"in2DMode":false,"pivot":{"x":2.0356361865997316,"y":-4.468573570251465,"z":13.394561767578125},"rotation":{"x":-0.26751357316970827,"y":0.25098490715026858,"z":-0.07239235937595368,"w":-0.9274710416793823},"size":28.571773529052736,"orthographic":false}